Workbook

Sheet Uitleg
A1: Hoe gebruik je dit bestand?
A2: Tabblad "Bars": één rij per zichtbare bar (België + Costa Blanca), gesorteerd per regio. Filter bovenaan om bv. alleen Gent te zien.
A3: Kolommen E–F: wat we nu denken. Ja = groen, Nee = grijs, ? = geel (onbekend, zeker even checken).
A4: Kolom G: waarop dat gebaseerd is, en wat je ter plaatse best nakijkt. Kolom H: link naar de bron.
A5: Gele kolommen I–L vul JIJ in als je er bent: datum, je eigen oordeel (keuzelijst Ja/Nee/?) en een opmerking.
A7: Voorbeeld van een ingevulde rij (I–L):
A8: Bezocht op: 12/10/2026 · 💻 Klopt?: Nee · 🚴 Klopt?: Ja · Opmerking: "Geen stopcontacten, wel 2 fietsenrekken voor de deur"
A10: Wat telt als...
A11: 💻 PC-friendly: wifi, stopcontacten, genoeg plaats en laptops toegelaten (minstens op weekdagen).
A12: 🚴 Cycling-friendly: fietsers welkom: fietsenrek of fiets in het zicht, wieler-sfeer of -club, of een vaste stop op populaire fietsroutes.
A14: Klaar? Stuur het bestand terug naar Claude: de verschillen worden dan in één script in de app gezet.

Sheet Bars
A1: Regio | B1: Plaats | C1: Bar | D1: Adres | E1: 💻 PC-friendly | F1: 🚴 Cycling-friendly | G1: Notitie (wat we weten) | H1: Bron | I1: ✔ Bezocht op | J1: 💻 Klopt? (mijn oordeel) | K1: 🚴 Klopt? (mijn oordeel) | L1: Mijn opmerking ter plaatse
A2: Antwerpen | B2: Antwerpen | C2: Andy Roasters | D2: Amerikalei 82 | E2: ? | F2: ? | G2: Geen info over wifi/laptops of fietsen gevonden; retro-interieur, open vanaf 7u30. Ter plaatse: wifi, stopcontacten, fietsenrek. | H2: link
A3: Antwerpen | B3: Antwerpen | C3: Black & Yellow | D3: Nassaustraat 7 | E3: Ja | F3: ? | G3: Gratis wifi, laptop friendly; wo en za gesloten. Ter plaatse: stopcontacten, fietsenrek? | H3: link
A4: Antwerpen | B4: Antwerpen | C4: Botellón | D4: Waalsekaai 45A, 2000 Antwerpen | E4: Nee | F4: Ja | G4: Geen specialty koffiebar; één review is negatief over de koffie. | H4: link
A5: Antwerpen | B5: Antwerpen | C5: Caffènation | D5: Mechelsesteenweg 16 | E5: Ja | F5: ? | G5: Elle: twee verdiepingen, veel werkplek; gratis wifi. Ter plaatse: stopcontacten, fietsenrek? | H5: link
A6: Antwerpen | B6: Antwerpen | C6: Caffènation Roastery | D6: Lamorinièrestraat 161 | E6: Ja | F6: ? | G6: Wifi, stopcontacten, coworking-vriendelijk volgens nomadensite; wel lawaaierig (branderij). Ter plaatse: fietsenrek? | H6: link
A7: Antwerpen | B7: Antwerpen | C7: Café Canelé | D7: Kronenburgstraat 41D, 2000 Antwerpen | E7: Ja | F7: Nee | H7: link
A8: Antwerpen | B8: Antwerpen | C8: Fuel South | D8: Waalsekaai 27, 2000 Antwerpen | E8: Nee | F8: Nee | G8: Niet zeker. Eerder een healthy restaurant dan een koffiebar. Wielercafé stond niet ingevuld: geen bron, dus 'nee'. | H8: link
A9: Antwerpen | B9: Antwerpen | C9: Funk Berchem | D9: Belpairestraat 10, 2600 Berchem | E9: Ja | F9: Nee | G9: Huisnummer 10 of 20: ter plaatse checken. | H9: link
A10: Antwerpen | B10: Antwerpen | C10: Funk Zuid | D10: Kronenburgstraat 41A, 2000 Antwerpen | E10: Ja | F10: Ja | H10: link
A11: Antwerpen | B11: Antwerpen | C11: Koffie Dealers | D11: Paardenmarkt 117 | E11: Ja | F11: ? | G11: Goede wifi, veel stopcontacten, werktafels (75% laptopvriendelijk). Ter plaatse: weekendbeleid, fietsenrek? | H11: link
A12: Antwerpen | B12: Antwerpen | C12: Kolonel & Reede | D12: Ankerrui 15 | E12: ? | F12: ? | G12: Ruim, grote ramen; vanaf 16u wijnbar. Geen info wifi/laptops. Ter plaatse: wifi, stopcontacten, fietsenrek? | H12: link
A13: Antwerpen | B13: Antwerpen | C13: Kolonel Coffee | D13: Montignystraat 51 | E13: Ja | F13: ? | G13: Elle: laptopvriendelijk, bar aan het raam, veel daglicht. Ter plaatse: stopcontacten, fietsenrek? | H13: link
A14: Antwerpen | B14: Antwerpen | C14: Nives | D14: Harmoniestraat 25B | E14: Ja | F14: ? | G14: Wifi, werken mag, ruim interieur; ELLE-tip om te telewerken. Terras aan Harmoniepark. Ter plaatse: stopcontacten, fietsenrek? | H14: link
A15: Antwerpen | B15: Antwerpen | C15: Nordica 31 | D15: Belegstraat 31, 2018 Antwerpen | E15: Nee | F15: Ja | H15: link
A16: Antwerpen | B16: Antwerpen | C16: Normo | D16: Minderbroedersrui 30 | E16: ? | F16: ? | G16: Werkspotgids: kleine marmeren tafeltjes, eerder voor kort bezoek. Wifi/stopcontacten onbekend. Ter plaatse: wifi, fietsenrek? | H16: link
A17: Antwerpen | B17: Antwerpen | C17: Polly | D17: Cuperusstraat 1, 2018 Antwerpen | E17: Ja | F17: Ja | H17: link
A18: Antwerpen | B18: Antwerpen | C18: Rush Rush | D18: Lange Altaarstraat 29 | E18: Ja | F18: ? | G18: Gratis wifi, laptopvriendelijk (ECT), rustig volgens ELLE-telewerklijst. Ter plaatse: stopcontacten, fietsenrek? | H18: link
A19: Antwerpen | B19: Antwerpen | C19: Tartoer | D19: Korte Koepoortstraat 2 | E19: ? | F19: ? | G19: Stabiele wifi, matig stopcontacten, weinig ruimte (58% laptopvriendelijk). Ter plaatse: laptopbeleid, fietsenrek? | H19: link
A20: Antwerpen | B20: Antwerpen | C20: Tinsel | D20: Sint-Paulusplaats 30, 2000 Antwerpen | E20: Ja | F20: Nee | G20: Druk brunchadres; laptop komt uit jouw notitie. | H20: link
A21: Antwerpen | B21: Antwerpen | C21: Vitesse Coffee & Cycling | D21: Provinciestraat 82 | E21: Ja | F21: Ja | G21: Wifi, veel stopcontacten, grote tafels; wielerdecor en koersfietsen. Ter plaatse: fietsenrek? | H21: link
A22: Gent | B22: Gent | C22: Bar Bidon | D22: Bisdomkaai 25 | E22: Ja | F22: Ja | G22: Bidon Coffee & Bicycle: wielerthema; gratis wifi, stopcontacten, ruim. Ter plaatse: fietsenrek, drukte weekend? | H22: link
A23: Gent | B23: Gent | C23: Café Labath | D23: Oude Houtlei 1 | E23: Ja | F23: ? | G23: Gratis wifi (code vragen), als laptopvriendelijk vermeld. Ter plaatse: stopcontacten, fietsenrek? | H23: link
A24: Gent | B24: Gent | C24: Full Circle Coffee | D24: Zuidstationstraat 5 | E24: Ja | F24: ? | G24: Gratis wifi, 'good for laptop', binnen en buiten zitten (bron aggregator); alleen kaart. Ter plaatse: stopcontacten, fietsenrek? | H24: link
A25: Gent | B25: Gent | C25: Goya Coffee | D25: Verlorenkost 5 | E25: Ja | F25: ? | G25: Wifi, 'perfecte plek om te werken' volgens Koffietje. Ter plaatse: stopcontacten, fietsenrek? | H25: link
A26: Gent | B26: Gent | C26: Koffeine | D26: Lange Kruisstraat 6 | E26: ? | F26: ? | G26: Kleine zaak, geen info over wifi of laptops gevonden. Ter plaatse: wifi, stopcontacten, plaats? | H26: link
A27: Gent | B27: Gent | C27: OR Coffee | D27: Sint-Pietersnieuwstraat 126A | E27: Ja | F27: ? | G27: Wifi, 'perfecte plek om te werken', studenten met laptops. Ter plaatse: stopcontacten, fietsenrek? | H27: link
A28: Gent | B28: Gent | C28: OR Espresso Bar | D28: Dok-Noord 7 | E28: ? | F28: ? | G28: Volgens Wanderlog definitief gesloten; ook niet meer op OR-site. Verifiëren en eventueel verwijderen. | H28: link
A29: Gent | B29: Gent | C29: Take Five Espressobar | D29: Voldersstraat 10 | E29: Ja | F29: ? | G29: Wifi, laptops toegestaan, tafelbediening; klein en druk. Ter plaatse: stopcontacten, fietsenstalling in voetgangerszone. | H29: link
... A33: Brussel | B33: Brussel | C33: Aksum | D33: Koninginnegalerij | E33: Ja | F33: ? | G33: Laptopvriendelijk volgens gids: gratis wifi, stopcontacten; klein zaakje in galerij. Ter plaatse: plaats, fietsparkeren? | H33: link
A34: Brussel | B34: Brussel | C34: Barkboy | D34: Onderrichtsstraat 20, 1000 Brussel | E34: Ja | F34: Nee | H34: link
A35: Brussel | B35: Brussel | C35: Batch | D35: Waterloosesteenweg 559, 1050 Elsene | E35: Nee | F35: Nee | G35: Eerder restaurant; ma dicht, di alleen 's avonds. | H35: link
A36: Brussel | B36: Brussel | C36: Belga & Co | D36: Baljuwstraat, Elsene | E36: Ja | F36: ? | G36: Freelancers werken er uren met laptop; tuin. Ter plaatse: stopcontacten, fietsenrek? | H36: link
A37: Brussel | B37: Brussel | C37: Belga & Co Boniface | D37: Ernest Solvaystraat 12, 1050 Elsene | E37: Ja | F37: Nee | G37: Andere zaak dan Belga & Co aan de Baljuwstraat. Goede wifi, maar laptops niet welkom als het druk is. | H37: link
A38: Brussel | B38: Brussel | C38: Bouche | D38: Naamsestraat 4, 1000 Brussel | E38: Ja | F38: Nee | H38: link
A39: Brussel | B39: Brussel | C39: Bouche Saint-Géry | D39: Sint-Goriks | E39: ? | F39: ? | G39: Bouche: laptops enkel weekdagen, ±4 werkplekken (review Namenstraat-adres). Ter plaatse: geldt dit ook Sint-Goriks? | H39: link
A40: Brussel | B40: Brussel | C40: Buddy Buddy | D40: Lakenweversstraat 10, 1050 Elsene | E40: Nee | F40: Nee | G40: Er is gratis wifi; jij zei nee. | H40: link
A41: Brussel | B41: Brussel | C41: Café de la Presse | D41: Kardinaal Mercierstraat 41, 1000 Brussel | E41: Ja | F41: Nee | H41: link
A42: Brussel | B42: Brussel | C42: Cyclovia | D42: Waterloosesteenweg 521, Elsene | E42: ? | F42: Ja | G42: Koersfietsenmaker met koffiebar; geen info over wifi of zitplaatsen gevonden. Ter plaatse: wifi, tafels? | H42: link
A43: Brussel | B43: Brussel | C43: Drache | D43: Brandhoutkaai 11, 1000 Brussel | E43: Nee | F43: Nee | G43: Een bron noemt het geschikt voor een laptoppauze; jij zei nee. Pas aan als je wil. | H43: link
A44: Brussel | B44: Brussel | C44: Eight Brussels | D44: Kernstraat 48, 1000 Brussel | E44: Nee | F44: Ja | G44: Fietsstop komt uit jouw notitie; geen bron. | H44: link
A45: Brussel | B45: Brussel | C45: Frank. | D45: Zavel | E45: ? | F45: ? | G45: Gratis wifi, brunchzaak; adres lijkt Prinsenstraat 14 (Munt), niet Zavel. Ter plaatse: laptopbeleid, stopcontacten, fietsenrek. | H45: link
A46: Brussel | B46: Brussel | C46: Grain Bakery | D46: Charleroise Steenweg 174, 1060 Sint-Gillis | E46: Nee | F46: Nee | G46: Bakkerij met koffie; laptopbeleid onbekend. | H46: link
A47: Brussel | B47: Brussel | C47: Grain Flagey | D47: Lesbroussartstraat 27, 1050 Elsene | E47: Nee | F47: Nee | H47: link
A48: Brussel | B48: Brussel | C48: Hors Catégorie Bosvoorde | D48: Watermaal-Bosvoorde | E48: ? | F48: Ja | G48: Tweede HC-vestiging in Bosvoorde niet bevestigd online; enkel Elsene gevonden. Ter plaatse: bestaat deze nog? | H48: link
A49: Brussel | B49: Brussel | C49: Hors Catégorie Elsene | D49: Elsene | E49: ? | F49: Ja | G49: Fietscafé Fritz Toussaintstraat 8: verkoop, herstel, DIY-werkplaats; ma-vr 9-18u. Wifi onbekend. Ter plaatse: wifi? | H49: link
A50: Brussel | B50: Brussel | C50: Jackie | D50: Charleroise Steenweg 203, 1060 Sint-Gillis | E50: Ja | F50: Nee | H50: link
A51: Brussel | B51: Brussel | C51: Kosto | D51: Akenkaai 35, 1000 Brussel | E51: Ja | F51: Nee | H51: link
A52: Brussel | B52: Brussel | C52: Mains Boulangerie au Levain | D52: Kazernenlaan 61, 1040 Etterbeek | E52: Nee | F52: Nee | H52: link
A53: Brussel | B53: Brussel | C53: Mains Sourdough Bakery | D53: Waterloosesteenweg 887, 1180 Ukkel | E53: Nee | F53: Ja | G53: Maar een paar stoelen. Fietsstop komt uit jouw notitie. | H53: link
A54: Brussel | B54: Brussel | C54: Miette | D54: De Frélaan 100, 1180 Ukkel | E54: Ja | F54: Nee | G54: Wifi bevestigd. 'Stop op een rit' komt uit jouw notitie. | H54: link
A55: Brussel | B55: Brussel | C55: MOK Coffee | D55: Dansaertwijk | E55: Ja | F55: ? | G55: Achterruimte geschikt voor laptop, 'good for working'. Ter plaatse: wifi, stopcontacten, fietsenrek? | H55: link
A56: Brussel | B56: Brussel | C56: Seven Cinquantenaire | D56: Oudergemlaan 68, 1040 Etterbeek | E56: Nee | F56: Nee | H56: link
A57: Brussel | B57: Brussel | C57: Stella | D57: Charleroise Steenweg 73, 1060 Sint-Gillis | E57: Ja | F57: Nee | G57: Niet zeker. Adres verbeterd (Oudergemlaan 68 is Seven). Eerst checken of nr. 73 nog open is. | H57: link
A58: Brussel | B58: Brussel | C58: Terres de Café Sablon | D58: Zavel | E58: ? | F58: ? | G58: Geen info over wifi, laptops of fietsen gevonden; wel terras. Ter plaatse: alles checken. | H58: link
A59: Brussel | B59: Brussel | C59: The Wayne Coffee | D59: Van Eyckstraat 30, 1000 Brussel | E59: Ja | F59: Nee | G59: Laptop komt uit jouw notitie; geen bron. | H59: link
A60: Brussel | B60: Brussel | C60: Wide Awake Flagey | D60: Lesbroussartstraat 34, 1050 Elsene | E60: Ja | F60: Nee | G60: Kleine bistrotafels: laptop kan, maar druk. | H60: link
A61: Leuven | B61: Leuven | C61: Café Soigneur | D61: Pater Damiaanplein 2, 3000 Leuven | E61: ? | F61: Ja | G61: Fietscafé met koersfietsen aan de muur, social rides en wielerquizzen. Wifi niet vermeld op site; ter plaatse checken. | H61: link
A62: Leuven | B62: Leuven | C62: Koffie Onan | D62: Parijsstraat 28, 3000 Leuven | E62: ? | F62: ? | G62: Bar en winkel in één, geen info over wifi of laptops gevonden. Ter plaatse: zitplaatsen, wifi, fietsenrek? | H62: link
A63: Leuven | B63: Leuven | C63: Madmum Coffee Roasters Vaartkom | D63: Vaartkom 33, 3000 Leuven | E63: Ja | F63: ? | G63: Gratis wifi, laptopvriendelijk, ruim en licht met veel zitplaatsen. Ter plaatse: stopcontacten, fietsenrek? | H63: link
A64: Leuven | B64: Leuven | C64: MOK Specialty Coffee Roastery & Bar | D64: Diestsestraat 165, 3000 Leuven | E64: Ja | F64: ? | G64: Site: 'nice atmosphere to work', terras. Staat in Gobik-fietsgids. Ter plaatse: wifi, stopcontacten, fietsenrek? | H64: link
A65: Leuven | B65: Leuven | C65: Noir Coffeebar | D65: Naamsestraat 49, 3000 Leuven | E65: Ja | F65: ? | G65: Snelle wifi, veel stopcontacten, studeerzone maar ook no-laptoptafels; druk. Geen fietsbewijs gevonden. Ter plaatse: fietsenrek? | H65: link
A66: Knokke | B66: Knokke | C66: Brazila | D66: Lippenslaan 126, 8300 Knokke-Heist | E66: ? | F66: ? | G66: Branderij met terras; geen info over wifi of fietsers. Ter plaatse: wifi, stopcontacten, fietsenrek? | H66: link
A67: Knokke | B67: Knokke | C67: De Brasserie | D67: Vlamingstraat 30, 8301 Knokke-Heist | E67: ? | F67: ? | G67: Brasserie met terras, takeaway; site zegt niets over wifi of fietsen. Ter plaatse: wifi, fietsenrek? | H67: link
A68: Knokke | B68: Knokke | C68: Jack's Café | D68: Lippenslaan 228, 8300 Knokke-Heist | E68: ? | F68: ? | G68: Koffiebar in kledingwinkel; geen info over wifi of fietsen. Ter plaatse: wifi, zitplaatsen, fietsenrek? | H68: link
... A72: Rest van België | B72: Aalst | C72: De Bevoorrading | D72: Molenstraat 44, 9300 Aalst | E72: Ja | F72: Ja | G72: Verhuisd in 2021; wielerdecor alleen bevestigd op het oude adres. | H72: link
A73: Rest van België | B73: Aalst | C73: KOP koffiezaak | D73: Keizersplein 3, 9300 Aalst | E73: Ja | F73: Ja | H73: link
A74: Rest van België | B74: Aalst | C74: Philimonius | D74: Louis D'Haeseleerstraat 8, 9300 Aalst | E74: Ja | F74: Ja | G74: Juiste schrijfwijze: Philimonius. | H74: link
A75: Rest van België | B75: Dendermonde | C75: Klik Coffee & Treats | D75: Bogaerdstraat 13, 9200 Dendermonde | E75: Ja | F75: Ja | G75: Niet zeker. Zou eind oktober 2026 sluiten (uitbater verhuist naar Spanje): eerst checken. | H75: link
A76: Rest van België | B76: Dendermonde | C76: Zjat Kaffé | D76: Oude Vest 170, 9200 Dendermonde | E76: Ja | F76: Ja | G76: Laptop en fietsers komen uit jouw notitie. | H76: link
A77: Rest van België | B77: Dilbeek | C77: Skuim | D77: Gemeenteplein 5, 1700 Dilbeek | E77: Ja | F77: Ja | G77: Niet zeker. Een bron geeft Verheydenstraat 59 als adres. Weinig info gevonden: schrijf zelf een beter tekstje. | H77: link | I77: 46298 | J77: Klopt | K77: klopt | L77: Super vriendelijk en goede prijs/kwaliteit
A78: Rest van België | B78: Grimbergen | C78: Club Twee | D78: Beigemsesteenweg 2, 1850 Grimbergen | E78: Ja | F78: Nee | H78: link
A79: Rest van België | B79: Halle | C79: Blondies | D79: Melkstraat 3, 1500 Halle | E79: Ja | F79: Ja | G79: Open sinds december 2025. | H79: link
A80: Rest van België | B80: hellingen | C80: 't Juiste Verzet | D80: Oude Kwaremont, Kluisbergen | E80: Nee | F80: Ja | G80: Koerscafé aan voet Oude Kwaremont; normaal B&B, café enkel 1e zondag v/d maand + Ronde. Ter plaatse: openingsdagen. | H80: link
A81: Rest van België | B81: hellingen | C81: 't Nief Veloken | D81: Oude Kwaremont, Kluisbergen | E81: Ja | F81: Ja | G81: Let op: ligt in Kemzekedorp 54 (Stekene), niet Kwaremont. Fietscafé+herstelling, wifi, stopcontacten, e-bikeladen. | H81: link
A82: Rest van België | B82: hellingen | C82: 't Velohofke | D82: Tongeren | E82: ? | F82: Ja | G82: Fietscafé aan knooppunt 132, doe-het-zelf werkplaats, e-bike laden; april-sept open. Wifi onbekend. Ter plaatse: wifi? | H82: link
A83: Rest van België | B83: hellingen | C83: Après-Velo | D83: Parike | E83: Nee | F83: Ja | G83: Wielercafé met fietsenstalling en terras; enkel zondag open 10-20u. Ter plaatse: wifi? | H83: link
A84: Rest van België | B84: hellingen | C84: Bar Gidon | D84: Geraardsbergen | E84: ? | F84: Ja | G84: Wielercafé van ex-prof Frederic Penne op de Markt aan de voet van de Muur, veel koersmemorabilia. Laptop onduidelijk; fietsenrek checken. | H84: link
A85: Rest van België | B85: hellingen | C85: D'Oude Hoeve | D85: Ronde van Vlaanderenstraat, Kwaremont | E85: ? | F85: Ja | G85: Fietscafé aan de Oude Kwaremont met douches en fietsgereedschap. Laptop/wifi onbekend; ter plaatse checken. | H85: link
A86: Rest van België | B86: hellingen | C86: Falco | D86: Halle | E86: ? | F86: Ja | G86: Fietsbar/club aan Beestenmarkt Halle, organiseert ritten door Pajottenland. Wifi/laptop onbekend; ter plaatse checken. | H86: link
A87: Rest van België | B87: hellingen | C87: Flandrien Hotel | D87: Brakel | E87: ? | F87: Ja | G87: Wielerhotel: beveiligde fietsstalling, fietswasplaats, werkplaats, verhuur. Wifi in kamers; clubhouse voor niet-gasten? | H87: link
A88: Rest van België | B88: hellingen | C88: Koerscafé Centrum Ronde van Vlaanderen | D88: Markt, Oudenaarde | E88: ? | F88: Ja | G88: Café in Ronde-museum, start veel routes; kleedkamers en douches. Ter plaatse: wifi, stopcontacten, fietsenstalling? | H88: link
A89: Rest van België | B89: hellingen | C89: KOERSkaffee | D89: KOERS Museum, Roeselare | E89: ? | F89: Ja | G89: Brasserie in KOERS-museum, fietsers na rit; klein, snel vol, terras in tuin. Ter plaatse: wifi, fietsenstalling? | H89: link
A90: Rest van België | B90: hellingen | C90: Paddenbroek | D90: Gooik, Pajottenland | E90: ? | F90: Ja | G90: Fiets- en wandelcafé in glazen serre tussen fietsroutes, lambiekcafé. Wifi onbekend; ter plaatse checken. | H90: link
A91: Rest van België | B91: hellingen | C91: The Cycling Hub | D91: Geraardsbergen | E91: ? | F91: Ja | G91: Fietsbar + shop + performance lab, Dierkoststraat 18; open wo-zo, vaak pas namiddag. Ter plaatse: wifi, stopcontacten? | H91: link
A92: Rest van België | B92: Kortrijk | C92: deDingen | D92: Budastraat 12, 8500 Kortrijk | E92: Ja | F92: Ja | H92: link
A93: Rest van België | B93: Londerzeel | C93: Zjat'o | D93: Dorpsstraat 21, 1840 Londerzeel | E93: Nee | F93: Ja | H93: link
A94: Rest van België | B94: Mechelen | C94: Madmum IJzerenleen | D94: IJzerenleen 65, 2800 Mechelen | E94: Ja | F94: Ja | G94: Open sinds maart 2026. | H94: link
A95: Rest van België | B95: Meise | C95: Monday & Co | D95: Zonnelaan 11, 1860 Meise | E95: Ja | F95: Nee | G95: In het weekend alleen open voor privé-events. | H95: link
A96: Rest van België | B96: Opwijk | C96: Keet | D96: Stationsstraat 64, 1745 Opwijk | E96: Nee | F96: Ja | H96: link
A97: Costa Blanca (ES) | B97: Alcalalí | C97: Musette Cycling Café | D97: Plaça Mosquera 2, 03728 Alcalalí | E97: Ja | F97: Ja | G97: Is overgenomen! | H97: link
A98: Costa Blanca (ES) | B98: Calp | C98: cafeseamos | D98: Carrer la Santamaría 10, 03710 Calp | E98: Ja | F98: Ja | H98: link
A99: Costa Blanca (ES) | B99: L'Albir | C99: D·Origen Coffee Roasters | D99: Av. de Oscar Esplà 8, 03581 L'Albir | E99: Ja | F99: Ja | H99: link
A100: Costa Blanca (ES) | B100: Moraira | C100: Caffee Cadanz | D100: Ctra. Moraira a Calpe 121, 03724 Moraira | E100: Ja | F100: Ja | H100: link
A101: Costa Blanca (ES) | B101: Moraira | C101: Pluk Moraira | D101: Avenida de la Paz 20, 03724 Moraira | E101: Ja | F101: Nee | H101: link
A102: Costa Blanca (ES) | B102: Parcent | C102: Blanca Bikes Base Camp | D102: Avinguda de Dénia 15, 03792 Parcent | E102: Ja | F102: Ja | H102: link
A103: Costa Blanca (ES) | B103: Xaló | C103: Velosol Cycling Bar | D103: Carrer Església 14, 03727 Xaló | E103: Nee | F103: Ja | H103: link

Sheet Overzicht
A1: Regio | B1: Bars | C1: 💻 PC: Ja | D1: 💻 PC: ? | E1: 🚴 Cycling: Ja | F1: 🚴 Cycling: ? | G1: Al bezocht
A2: Antwerpen | B2: =COUNTIF(Bars!$A$2:$A$103,A2) -> 20 | C2: =COUNTIFS(Bars!$A$2:$A$103,A2,Bars!$E$2:$E$103,"Ja") -> 13 | D2: =COUNTIFS(Bars!$A$2:$A$103,A2,Bars!$E$2:$E$103,"?") -> 4 | E2: =COUNTIFS(Bars!$A$2:$A$103,A2,Bars!$F$2:$F$103,"Ja") -> 5 | F2: =COUNTIFS(Bars!$A$2:$A$103,A2,Bars!$F$2:$F$103,"?") -> 11 | G2: =COUNTIFS(Bars!$A$2:$A$103,A2,Bars!$I$2:$I$103,"<>") -> 0
A3: Gent | B3: =COUNTIF(Bars!$A$2:$A$103,A3) -> 11 | C3: =COUNTIFS(Bars!$A$2:$A$103,A3,Bars!$E$2:$E$103,"Ja") -> 8 | D3: =COUNTIFS(Bars!$A$2:$A$103,A3,Bars!$E$2:$E$103,"?") -> 2 | E3: =COUNTIFS(Bars!$A$2:$A$103,A3,Bars!$F$2:$F$103,"Ja") -> 1 | F3: =COUNTIFS(Bars!$A$2:$A$103,A3,Bars!$F$2:$F$103,"?") -> 10 | G3: =COUNTIFS(Bars!$A$2:$A$103,A3,Bars!$I$2:$I$103,"<>") -> 0
A4: Brussel | B4: =COUNTIF(Bars!$A$2:$A$103,A4) -> 28 | C4: =COUNTIFS(Bars!$A$2:$A$103,A4,Bars!$E$2:$E$103,"Ja") -> 13 | D4: =COUNTIFS(Bars!$A$2:$A$103,A4,Bars!$E$2:$E$103,"?") -> 6 | E4: =COUNTIFS(Bars!$A$2:$A$103,A4,Bars!$F$2:$F$103,"Ja") -> 5 | F4: =COUNTIFS(Bars!$A$2:$A$103,A4,Bars!$F$2:$F$103,"?") -> 6 | G4: =COUNTIFS(Bars!$A$2:$A$103,A4,Bars!$I$2:$I$103,"<>") -> 0
A5: Leuven | B5: =COUNTIF(Bars!$A$2:$A$103,A5) -> 5 | C5: =COUNTIFS(Bars!$A$2:$A$103,A5,Bars!$E$2:$E$103,"Ja") -> 3 | D5: =COUNTIFS(Bars!$A$2:$A$103,A5,Bars!$E$2:$E$103,"?") -> 2 | E5: =COUNTIFS(Bars!$A$2:$A$103,A5,Bars!$F$2:$F$103,"Ja") -> 1 | F5: =COUNTIFS(Bars!$A$2:$A$103,A5,Bars!$F$2:$F$103,"?") -> 4 | G5: =COUNTIFS(Bars!$A$2:$A$103,A5,Bars!$I$2:$I$103,"<>") -> 0
A6: Knokke | B6: =COUNTIF(Bars!$A$2:$A$103,A6) -> 5 | C6: =COUNTIFS(Bars!$A$2:$A$103,A6,Bars!$E$2:$E$103,"Ja") -> 0 | D6: =COUNTIFS(Bars!$A$2:$A$103,A6,Bars!$E$2:$E$103,"?") -> 5 | E6: =COUNTIFS(Bars!$A$2:$A$103,A6,Bars!$F$2:$F$103,"Ja") -> 0 | F6: =COUNTIFS(Bars!$A$2:$A$103,A6,Bars!$F$2:$F$103,"?") -> 5 | G6: =COUNTIFS(Bars!$A$2:$A$103,A6,Bars!$I$2:$I$103,"<>") -> 0
A7: Rest van België | B7: =COUNTIF(Bars!$A$2:$A$103,A7) -> 26 | C7: =COUNTIFS(Bars!$A$2:$A$103,A7,Bars!$E$2:$E$103,"Ja") -> 13 | D7: =COUNTIFS(Bars!$A$2:$A$103,A7,Bars!$E$2:$E$103,"?") -> 9 | E7: =COUNTIFS(Bars!$A$2:$A$103,A7,Bars!$F$2:$F$103,"Ja") -> 24 | F7: =COUNTIFS(Bars!$A$2:$A$103,A7,Bars!$F$2:$F$103,"?") -> 0 | G7: =COUNTIFS(Bars!$A$2:$A$103,A7,Bars!$I$2:$I$103,"<>") -> 1
A8: Costa Blanca (ES) | B8: =COUNTIF(Bars!$A$2:$A$103,A8) -> 7 | C8: =COUNTIFS(Bars!$A$2:$A$103,A8,Bars!$E$2:$E$103,"Ja") -> 6 | D8: =COUNTIFS(Bars!$A$2:$A$103,A8,Bars!$E$2:$E$103,"?") -> 0 | E8: =COUNTIFS(Bars!$A$2:$A$103,A8,Bars!$F$2:$F$103,"Ja") -> 6 | F8: =COUNTIFS(Bars!$A$2:$A$103,A8,Bars!$F$2:$F$103,"?") -> 0 | G8: =COUNTIFS(Bars!$A$2:$A$103,A8,Bars!$I$2:$I$103,"<>") -> 0
A9: Totaal | B9: =SUM(B2:B8) -> 102 | C9: =SUM(C2:C8) -> 56 | D9: =SUM(D2:D8) -> 28 | E9: =SUM(E2:E8) -> 42 | F9: =SUM(F2:F8) -> 36 | G9: =SUM(G2:G8) -> 1
